{"cameraMode":{"drawMode":0,"name":"Shaded","section":"Shading Mode"},"sceneLighting":true,"audioPlay":false,"sceneViewState":{"m_AlwaysRefresh":false,"showFog":true,"showSkybox":true,"showFlares":true,"showImageEffects":true,"showParticleSystems":true,"showVisualEffectGraphs":true,"m_FxEnabled":true},"in2DMode":false,"pivot":{"x":26.675540924072267,"y":12.07386302947998,"z":16.483932495117189},"rotation":{"x":-0.22610466182231904,"y":-0.4309634566307068,"z":0.11253782361745835,"w":-0.8663957118988037},"size":0.0007563380640931428,"orthographic":false}